T_K,dIW_dex,rank1,rank2,rank3,rank4,P_total_bar,p_H2O_bar,p_CO2_bar,p_H2_bar,p_CO_bar,p_CH4_bar,p_N2_bar,p_NH3_bar,p_S2_bar,p_SO2_bar,p_H2S_bar
1500.0,-4.0,CO,CH4,H2,CO2,1105.1118287661907,0.19876641922711388,1.4417921325734666,31.03958293979897,610.0079915273806,462.2508721721776,0.15984871618860344,0.004201054808618373,1.4904495646543179e-09,3.349515374659613e-12,0.008773802541868596
1500.0,-3.1818181818181817,CO,CH4,H2,CO2,1157.3905488651621,0.6760032796759704,4.428225166724105,41.15577243175555,730.4183242300554,379.3610382801959,1.303037465621766,0.018312791152550623,9.803248553659474e-09,5.6518439009245326e-11,0.029835210121090496
1500.0,-2.3636363636363633,CO,CH4,H2,CO2,1237.3444553559411,1.9717528460729854,14.421449302275619,46.79974874529711,927.3847768413242,242.81507577316293,3.8266070254687023,0.038054162624410644,6.445118096766852e-08,9.534598494483492e-10,0.08699059431074883
1500.0,-1.5454545454545454,CO,CH4,CO2,H2,1325.3448880701487,4.148426358518369,45.94137883020549,38.38694240232168,1151.7657808091956,79.09862723997436,5.786048145857209,0.034761319905238536,4.2358508283704404e-07,1.6081965147094293e-08,0.18292252450372945
1500.0,-0.7272727272727271,CO,CO2,H2,CH4,1379.6656239721574,5.320257504090552,124.36745622147023,19.192956538996036,1215.558846479523,8.135918169574872,6.842280278505088,0.013364207348853706,2.785665858882321e-06,2.713408098153291e-07,0.23454151564163994
1500.0,0.09090909090909083,CO,CO2,H2,N2,1433.8342707621148,5.518146861600686,293.5861223433019,7.760890797423904,1118.7005475245458,0.47730162223734546,7.54435400070491,0.0036083474005045115,1.8329473297034316e-05,4.57938773911272e-06,0.24327635603677797
1500.0,0.9090909090909092,CO,CO2,N2,H2O,1515.0447596419608,5.5612429198318445,602.6062145188837,3.0492938270678343,895.201960863979,0.022987120876330952,8.356723794340017,0.0009352912928753296,0.00012062233369210642,7.729085396122168e-05,0.2452033924898215
1500.0,1.7272727272727275,CO2,CO,N2,H2O,1604.779278966568,5.576937614012799,1005.9269254223121,1.1921537959697301,582.5898883239767,0.0008914594866344085,9.24422313188356,0.00024047148987905637,0.0007937762636305322,0.0013045030973736702,0.24592046799999992
1500.0,2.545454545454546,CO2,CO,N2,H2O,1674.136107398222,5.5833932806314035,1352.5029633989657,0.4653115257600216,305.3822747967014,2.7753300208946766e-05,9.928645511298551,6.077020103913191e-05,0.0052220585884094435,0.022013989186447324,0.24619431308913373
1500.0,3.363636363636364,CO2,CO,N2,H2O,1714.8233078091134,5.586031525580904,1560.7077170146417,0.1814922412760452,137.38403551565443,7.405334409984697e-07,10.31290143874635,1.5087159604506438e-05,0.03425114844658178,0.370934532263739,0.24592856152147438
1500.0,4.181818181818182,CO2,CO,N2,SO2,1742.4555945259776,5.587156073632631,1662.664490966332,0.07077087670451176,57.059558123719995,1.8232193633925224e-08,10.505327019373638,3.707802618680771e-06,0.21490668366073956,6.113170044668122,0.24021099021332465
1500.0,5.0,CO2,SO2,CO,N2,1846.6179358834258,5.588356201029494,1730.8198073665785,0.027596686721549194,23.15712979237231,4.386408524530149e-10,10.756074793583391,9.135709415794142e-07,0.7540469960214995,75.33946648048703,0.17545651026177134
1607.142857142857,-4.0,CO,CH4,H2,CO2,1133.0598183247828,0.3718134444059303,1.5110584543447607,52.74879228650782,664.4688786810254,413.758965649042,0.18296695444377548,0.007581137464772401,2.5334539802630254e-09,1.1304142433083771e-11,0.0097617150033847
1607.142857142857,-3.1818181818181817,CO,CH4,H2,CO2,1198.2474652695894,1.179024316884508,4.788867103479358,65.21076342291647,820.9850634028971,304.6005246404176,1.423209245177734,0.029063142138275468,1.6663566395259372e-08,1.907422526986344e-10,0.03094997882385464
1607.142857142857,-2.3636363636363633,CO,CH4,H2,CO2,1283.3455208025061,2.990792950686077,15.677320384877444,64.48993830230785,1047.8120666140642,148.22901797792088,4.019861133629795,0.048036651734056836,1.0957052601746472e-07,3.21804135392094e-09,0.07848667449732305
1607.142857142857,-1.5454545454545454,CO,CO2,H2,CH4,1346.8623729330477,4.8699498397470835,46.85775296340913,40.93918494136393,1220.9618972082383,27.13660412225127,5.939681727053854,0.02953382085205145,7.205240195555012e-07,5.429386981117819e-08,0.1277675353135513
1607.142857142857,-0.7272727272727271,CO,CO2,H2,N2,1380.334766391954,5.418988138172045,120.81592231702035,17.759960490420895,1227.3089950630774,2.0013451940459235,6.878302499609091,0.009080983566464886,4.740166689358024e-06,9.162314412107257e-07,0.1421660496388219
1607.142857142857,0.09090909090909083,CO,CO2,N2,H2,1430.7947292698623,5.528154781243235,284.3336809037962,7.063388274166744,1126.0745461733081,0.11323651310259275,7.534256800707667,0.002383796020661587,3.118943714461129e-05,1.5463007649142547e-05,0.14503537504073125
1607.142857142857,0.9090909090909092,CO,CO2,N2,H2O,1510.2362528134177,5.563537744940482,587.0364539966182,2.771360454255523,906.3855984517943,0.00547017605543559,8.326776889452269,0.0006158958083285765,0.00020523189230946829,0.0002609723191414683,0.14597300007524697
1607.142857142857,1.7272727272727275,CO2,CO,N2,H2O,1598.5637903180884,5.57795092966977,987.8849479776279,1.083242665152572,594.6526855474808,0.00021375991405914033,9.212479333869625,0.00015830920203712602,0.0013503968354013469,0.004404377589197437,0.14635701938795326
1607.142857142857,2.545454545454546,CO2,CO,N2,H2O,1666.9873781057768,5.584048847066906,1337.0673390492727,0.42277506718663527,313.7757580528013,6.698207241357958e-06,9.907751076063514,4.0029563574856066e-05,0.008879402184371587,0.07430662228453043,0.1464732522062514
1607.142857142857,3.363636363636364,CO2,CO,N2,H2O,1708.3204391235506,5.586580366950865,1549.0861038195053,0.16489796659005498,141.72640014562728,1.7943654815370813e-07,10.30498610317092,9.944338901642498e-06,0.057843770836955015,1.24780227523954,0.14581449303668448
1607.142857142857,4.181818181818182,CO2,CO,SO2,N2,1753.3109650009774,5.587781717060993,1657.9863704954685,0.06430100676133436,59.13781101627661,4.43853277205058e-09,10.537724509136002,2.44866481184734e-06,0.327485814232117,19.534195914878374,0.1352916870800117
1607.142857142857,5.0,CO2,SO2,CO,N2,1942.2434401388107,5.5893514445419825,1747.1679972929276,0.025075456557860462,24.295623343399907,1.081118939375273e-10,10.934181368965524,6.074292085498327e-07,0.4683646280298149,153.6997480087836,0.0630954419989349
1714.2857142857142,-4.0,CO,CH4,H2,CO2,1165.3861681902167,0.6227836388613025,1.5942741346975442,81.23625103758023,725.1399352445135,356.56557616310346,0.2048917040275105,0.012078573602510806,4.030053947261191e-09,3.276891761765867e-11,0.010377689767987594
1714.2857142857142,-3.1818181818181817,CO,CH4,H2,CO2,1239.8123464946157,1.8152927801823302,5.148387291161478,92.31418706435016,912.9334578828821,225.99714729683512,1.533599107583728,0.04003015312055244,2.6507965652317067e-08,5.529383146156277e-10,0.030244891439091634
1714.2857142857142,-2.3636363636363633,CO,H2,CH4,CO2,1316.7681445000692,3.874056483098397,16.478601375114618,76.80629366606618,1139.1931192234892,76.10741921040292,4.193883247608049,0.05023796443874549,1.7433368048907593e-07,9.329555498427141e-09,0.06453314618625665
1714.2857142857142,-1.5454545454545454,CO,CO2,H2,CH4,1353.7434887480422,5.149080641142112,46.291417873922896,39.798769477149385,1247.6322120727707,8.72511147256564,6.038646962158816,0.02248552024497822,1.146764317088091e-06,1.5743062030954763e-07,0.08576342388365998
1714.2857142857142,-0.7272727272727271,CO,CO2,H2,N2,1379.392387747645,5.449367250416457,117.31177347851258,16.420830541546014,1232.6415055679079,0.5721122315560094,6.899653975928413,0.006369934811697779,7.544868296043569e-06,2.6568055568387116e-06,0.0907645652322413
1714.2857142857142,0.09090909090909083,CO,CO2,N2,H2,1428.1498111514102,5.533185731252504,276.36393105403295,6.500299709911657,1132.1022129655014,0.03210078845548246,7.524166778794064,0.0016567536340548737,4.964261349444083e-05,4.483767412658391e-05,0.0921628891490431
1714.2857142857142,0.9090909090909092,CO,CO2,N2,H2O,1506.1515106927054,5.565087967782701,573.5940147873109,2.5488205347378203,916.0474702225188,0.0015569292699444699,8.300352030218448,0.00042725366364236437,0.00032663883573665276,0.0007567135056441289,0.09269761228624597
1714.2857142857142,1.7272727272727275,CO2,CO,N2,H2O,1593.268391813549,5.578606306105276,972.1328672339167,0.9960979081766334,605.268519112729,6.125388264680503e-05,9.184290684306449,0.00010980054756575653,0.002148958077020521,0.012770072576450736,0.0929204662856571
1714.2857142857142,2.545454545454546,CO2,CO,N2,H2O,1660.9794736938866,5.584435193116722,1323.5285474757043,0.38874486098354594,321.2660722063005,1.930566456920344e-06,9.889278835353313,2.7778446604178448e-05,0.014113506814528214,0.21531717876930165,0.09293461633935643
1714.2857142857142,3.363636363636364,CO2,CO,N2,H2O,1704.9375685936016,5.586903382234016,1539.4489307775318,0.15162319972328597,145.68201096518257,5.192026543820593e-08,10.302380002567155,6.9063076694899374e-06,0.09031851947515415,3.5836982552645633,0.09169579985076053
1714.2857142857142,4.181818181818182,CO2,CO,SO2,N2,1787.9042629093594,5.5883002494786895,1660.2949194027062,0.05912665624861426,61.25407292884435,1.2942267218114096e-09,10.613589519392685,1.7070049324882129e-06,0.39998758104863436,49.619010825552195,0.07524921155743321
1714.2857142857142,5.0,CO2,SO2,CO,N2,2016.4817448560916,5.589886607472545,1757.4170344483557,0.023057683653866345,25.27747298373685,3.1665244902429117e-11,11.06568658003416,4.244644773108478e-07,0.1765858046641414,216.91249062032736,0.01949794996777495
1821.4285714285716,-4.0,CO,CH4,H2,CO2,1200.3756242884563,0.948929068013708,1.6825986478285875,114.93778488763789,788.4596190964778,294.09308230409755,0.22573622923549283,0.01728666517647129,6.070065018641151e-09,8.381239287845024e-11,0.010587383834448336
1821.4285714285716,-3.1818181818181817,CO,CH4,H2,CO2,1277.4682854742846,2.5006525835239293,5.455925771924232,118.08412690916379,996.7275540944299,152.9848088047035,1.6388171543309542,0.0485030319639323,3.992787643471297e-08,1.4142672781377815e-09,0.027897082900182987
1821.4285714285716,-2.3636363636363633,CO,H2,CH4,CO2,1335.3535302350983,4.439524985884582,16.761002844841734,81.73042534135388,1193.7602178837742,34.22019728878422,4.3471529141658625,0.045487749403668044,2.626345880969884e-07,2.3864435471874293e-08,0.04952094037845547
1821.4285714285716,-1.5454545454545454,CO,CO2,H2,N2,1355.357003113733,5.250149999490523,45.30401924279644,37.681489107114636,1257.9486868672152,2.9883125590369333,6.10890162252181,0.016880682589345865,1.7278302703699337e-06,4.027240468403383e-07,0.05856090232978871
1821.4285714285716,-0.7272727272727271,CO,CO2,H2,N2,1378.2620980135166,5.463107141589941,114.19219343111831,15.286397699546324,1236.151496637385,0.18840745287749888,6.914900623644828,0.004640524346576475,1.1368000067059722e-05,6.79643042040916e-06,0.060936338026330604
1821.4285714285716,0.09090909090909083,CO,CO2,N2,H2,1425.8697310244745,5.536609763738749,269.4676973606391,6.039742754697663,1137.237275216356,0.010549044656953941,7.514708788661002,0.001201434482651496,7.479618601954147e-05,0.00011469919927281507,0.061757162229021036
1821.4285714285716,0.9090909090909092,CO,CO2,N2,H2O,1502.6350021908097,5.5662440710194705,561.8800933920804,2.3672594760677046,924.4791304873214,0.0005135977254066629,8.276935252877099,0.00030939972768309837,0.0004921239495801715,0.001935707479347931,0.062088658690715545
1821.4285714285716,1.7272727272727275,CO2,CO,N2,H2O,1588.712042658359,5.5790628720363395,958.2691683264754,0.9250260530835116,614.6814002128119,2.032831326939092e-05,9.159161626642442,7.950147039237801e-05,0.0032370067975842493,0.03266300230933458,0.062223571364005484
1821.4285714285716,2.545454545454546,CO2,CO,N2,H2O,1656.069246214768,5.584682353953127,1311.6139989031196,0.36099424323989704,328.00290554628043,6.440664512954493e-07,9.873301505413053,2.012324277745553e-05,0.021202228531503328,0.5499926297815185,0.062147003824217
1821.4285714285716,3.363636363636364,CO2,CO,N2,SO2,1706.7249770299466,5.587132558495943,1532.1525431332675,0.14079909595540208,149.3766601026392,1.739578385185963e-08,10.309621771018715,5.008844144593697e-06,0.1302227841097556,8.96791370066529,0.06007205903142218
1821.4285714285716,4.181818181818182,CO2,SO2,CO,N2,1847.8603818779802,5.588806854084329,1669.1537663664722,0.05490843715849798,63.443360104741885,4.380613707407101e-10,10.732483076393672,1.244586491256033e-06,0.3628119027908789,98.48509625775239,0.03910290381723312
1821.4285714285716,5.0,CO2,SO2,CO,N2,2052.285680367467,5.590115623861905,1759.1153011191345,0.02141163657869587,26.06713052055078,1.0670202475257917e-11,11.13163162325824,3.086530413955585e-07,0.054137445007483825,250.29976762753665,0.005890171024756717
1928.5714285714284,-4.0,CO,CH4,H2,CO2,1235.7032895725197,1.3312486751742538,1.7673331623464978,150.96650881731594,850.3929585324826,230.96645555699084,0.2458633663591149,0.022523133125916195,8.736015511210069e-09,1.9312535310809605e-10,0.010398319793251433
1928.5714285714284,-3.1818181818181817,CO,H2,CH4,CO2,1307.1335726807395,3.122633083686809,5.673150661482209,138.05478719584323,1064.2278918514314,94.23553489926722,1.742747258076511,0.052439118728330715,5.746684478029648e-08,3.258915405030368e-09,0.024388551483704182
1928.5714285714284,-2.3636363636363633,CO,H2,CO2,CH4,1343.5420665047748,4.730717372541346,16.699621914021932,81.53923035536933,1221.3103830074117,14.707724196639743,4.479282990017927,0.038160594894820626,3.780432350273532e-07,5.499420957971847e-08,0.03694564074826245
1928.5714285714284,-1.5454545454545454,CO,CO2,H2,N2,1355.456443007555,5.293677191377733,44.29527680480382,35.5718252791945,1262.9493144510523,1.1284791143760429,6.163626697633992,0.012898474924368243,2.487196428701829e-06,9.28075033825327e-07,0.041341578314132064
1928.5714285714284,-0.7272727272727271,CO,CO2,H2,N2,1377.207898817327,5.47165477759561,111.45511379378652,14.334299541618314,1238.9038200384866,0.07008013622610836,6.926669157605735,0.0034977431110859458,1.636415581312817e-05,1.5662340753112667e-05,0.042731598409914466
1928.5714285714284,0.09090909090909083,CO,CO2,N2,H2,1423.8904891578313,5.539255514854919,263.45151386216224,5.657418113058076,1141.6878567768458,0.003921908164488588,7.505988221688852,0.0009028016170954516,0.0001076672522679759,0.0002643221135803865,0.0432599438179485
1928.5714285714284,0.9090909090909092,CO,CO2,N2,H2O,1499.5751257036925,5.567151239389725,551.5862838678653,2.2167105510004306,931.899829818026,0.00019160630027663064,8.256079642850818,0.00023222629514555883,0.0007083690506401404,0.0044607028203808305,0.043477507345109204
1928.5714285714284,1.7272727272727275,CO2,CO,N2,H2O,1584.7741985947982,5.579398810699167,945.9824919568365,0.8661088278152045,623.0859577154407,7.624731606820662e-06,9.136701534929376,5.966427819712658e-05,0.004657555553730782,0.07525482353764729,0.043558944406426894
1928.5714285714284,2.545454545454546,CO2,CO,N2,H2O,1652.3851631012965,5.584853629818234,1301.1465524918935,0.3379916303212229,334.1182295226791,2.4274641298002197e-07,9.86019914650719,1.5109939880428654e-05,0.030334947681999815,1.263597515090948,0.04338138674842208
1928.5714285714284,3.363636363636364,CO2,CO,SO2,N2,1716.8135505386133,5.587341622122057,1527.8392181996917,0.13182824405574664,152.9539513144161,6.590638394656795e-09,10.33325232317491,3.767837744226809e-06,0.17130783542340736,19.7563890566109,0.040208969302177974
1928.5714285714284,4.181818181818182,CO2,SO2,CO,N2,1915.9942201311355,5.5892462461133485,1679.5246372015013,0.051412127532606114,65.55087856867547,1.6748218138337742e-10,10.859281756645006,9.407189425841575e-07,0.24095480097082264,154.1588870901227,0.0185976995702532
1928.5714285714284,5.0,CO2,SO2,CO,N2,2065.1036510966687,5.590209305130629,1756.3784869627937,0.020047004693661784,26.72509993080156,4.047495293098317e-12,11.160604352137812,2.3220901084771237e-07,0.016474428506987524,265.2087029721186,0.0018961842314053558
2035.7142857142858,-4.0,CO,H2,CH4,CO2,1268.7366805346123,1.73634391903584,1.8409476668932157,185.63542463710624,907.056230615351,172.1650861847145,0.2657802869500649,0.027009183788366534,1.2100172065983747e-08,4.075776251364362e-10,0.009858028252872526
2035.7142857142858,-3.1818181818181817,CO,H2,CH4,CO2,1327.119896533965,3.5985797031244746,5.7894989294660375,149.9910420632257,1112.0974293340494,53.724419849435584,1.84678820129649,0.05170890279657638,7.960061828450245e-08,6.877880091887771e-09,0.020429464010011007
2035.7142857142858,-2.3636363636363633,CO,H2,CO2,CH4,1346.6577049846828,4.8728115099405045,16.491059666496,79.18134955662055,1234.9788295275714,6.48205416217739,4.592660485602184,0.03127701607465972,5.236820410818375e-07,1.1606787627066948e-07,0.027662419908396314
2035.7142857142858,-1.5454545454545454,CO,CO2,H2,N2,1355.1493717937485,5.317621872055172,43.36455610476803,33.68758126566556,1266.0619182057253,0.4689332641187067,6.208476828711042,0.010091508050202182,3.4454272452183224e-06,1.9587614933160676e-06,0.030187336901716114
2035.7142857142858,-0.7272727272727271,CO,CO2,H2,N2,1376.2681880823839,5.4780046414056285,109.04794015054232,13.529565979594048,1241.2138073362437,0.028909451599283344,6.936092094898099,0.0027148261027235827,2.2668680315512147e-05,3.305635417937815e-05,0.031097853515127553
2035.7142857142858,0.09090909090909083,CO,CO2,N2,H2O,1422.1572796206592,5.541413096602554,258.16056629378073,5.335696109738144,1145.5871343228866,0.0016178748257678357,7.4979877419819605,0.0006990653663929644,0.0001491460621647681,0.0005578655562261232,0.031457949582481284
2035.7142857142858,0.9090909090909092,CO,CO2,N2,H2O,1496.8900715037614,5.567886085207723,542.4724464582663,2.0901140863473064,938.4799477712514,7.928822385857076e-05,8.237414640082601,0.00017964256412538325,0.000981208124881158,0.009414256748704379,0.031607051910052135
2035.7142857142858,1.7272727272727275,CO2,CO,N2,H2O,1581.3803070336937,5.579656595813114,935.0299398359,0.8165752499990969,630.6405925786405,3.1704955276443748e-06,9.116622097595732,4.614982819562065e-05,0.006446745831311244,0.15876602177228327,0.03165190956708033
2035.7142857142858,2.545454545454546,CO2,CO,N2,H2O,1650.2535783879975,5.584983826952545,1292.0392376119275,0.3186542773638063,339.7357097270347,1.0140108270315957e-07,9.850756337899481,1.1694272525816899e-05,0.04153164689934939,2.6512988494740655,0.03135037634162292
2035.7142857142858,3.363636363636364,CO2,CO,SO2,N2,1738.3921298343162,5.587574349188489,1527.1091838054335,0.12428829734181744,156.54697322225283,2.7712527189333262e-09,10.379410783014963,2.9240884230262044e-06,0.20142971030174314,38.416048331584136,0.026929322802797084
2035.7142857142858,4.181818181818182,CO2,SO2,CO,N2,1970.9905933292991,5.5895555621089485,1686.4826070465067,0.0484722625697203,67.40087641018137,7.07509374544568e-11,10.957810730996616,7.317464578767913e-07,0.12659576759020677,200.3744468294937,0.00832599824233979
2035.7142857142858,5.0,CO2,SO2,CO,N2,2067.9253732627335,5.590250580112179,1752.0712926759313,0.01889976397982707,27.298861920642693,1.6984253572419824e-12,11.173411296345959,1.7990211010379957e-07,0.005379266615413651,271.75409456349735,0.0006691929321115149
2142.857142857143,-4.0,CO,H2,CH4,H2O,1297.0828523116609,2.1244950219241985,1.8982120531822362,215.39922534412852,955.4322136173295,121.90354471402077,0.28598923612475463,0.030120895558773324,1.6222729886665637e-08,7.98261716988272e-10,0.009051412309400916
2142.857142857143,-3.1818181818181817,CO,H2,CH4,CO2,1338.751182626641,3.91652491310677,5.823910577658581,154.80978362620183,1142.8229209907138,29.363851594707462,1.9495875221863819,0.047917682378881284,1.0672503749748618e-07,1.34709526481635e-08,0.016685599085759263
2142.857142857143,-2.3636363636363633,CO,H2,CO2,H2O,1347.7020753585273,4.948015225048521,16.241465837444537,76.24961029531293,1242.5061814817827,3.01939670445881,4.690633164720763,0.02569206477265238,7.021520467453616e-07,2.2733303644500044e-07,0.021079652835160743
2142.857142857143,-1.5454545454545454,CO,CO2,H2,N2,1354.7514316554862,5.333737524086348,42.526475472383694,32.04404493272054,1268.3578949668129,0.2122227478348506,6.246247582535261,0.008077136567903345,4.619652025685545e-06,3.836484250712378e-06,0.02272281886609998
2142.857142857143,-0.7272727272727271,CO,CO2,H2,N2,1375.4362156229963,5.483132345156161,106.91848951515313,12.842616421467753,1243.2095326672506,0.01302614469609227,6.943803224978963,0.002160756362271268,3.0394281890209174e-05,6.474504686392751e-05,0.023359293184113422
2142.857142857143,0.09090909090909083,CO,CO2,N2,H2O,1420.6271714647626,5.543221822273714,253.4729825944228,5.061696856860938,1149.032421235406,0.0007291186066896434,7.490655893607136,0.0005553041919848134,0.0001999736567242954,0.001092644334818064,0.0236152620220032
2142.857142857143,0.9090909090909092,CO,CO2,N2,H2O,1494.5189736491818,5.568494958116437,534.3493983739929,1.9823521013882603,944.3544332849655,3.583268403124208e-05,8.220637134754824,0.0001425774237975247,0.001315467773052928,0.01843802285294638,0.023720899017408335
2142.857142857143,1.7272727272727275,CO2,CO,N2,H2O,1578.4950122866844,5.57986130591318,925.2216997086132,0.7744180374029178,637.4771165639705,1.439154220475851e-06,9.098734097938081,3.6625242352301844e-05,0.008631574352042483,0.31074279559615897,0.023737266759421602
2142.857142857143,2.545454545454546,CO2,CO,N2,H2O,1650.2170030909801,5.5850949749765135,1284.2894125096336,0.30219808594135283,344.977509722699,4.6235452115433685e-08,9.846217876275347,9.287506173407169e-06,0.05452595261017183,5.138537256346447,0.02328110463997882
2142.857142857143,3.363636363636364,CO2,CO,SO2,N2,1772.3871202796024,5.587844681244272,1529.8817396923853,0.11787306148806391,160.2119227180907,1.2736026608170053e-09,10.44883240882957,2.330679507925614e-06,0.20725095295570103,65.91252742517746,0.01770406821306008
2142.857142857143,4.181818181818182,CO2,SO2,CO,N2,2005.941848382462,5.5897430773360925,1689.0474357327607,0.04596964766863065,68.95851633796322,3.2504938478954226e-11,11.020244222100766,5.829471763190825e-07,0.05891184481464871,231.20798380330214,0.0036811433437998415
2142.857142857143,5.0,CO2,SO2,CO,N2,2066.8201553356257,5.590271006693977,1747.4087563535302,0.01792343649914987,27.813116883613638,7.769989001295481e-13,11.179365141778709,1.429444584657466e-07,0.001921759690994354,274.7469457394147,0.0002592274955646358
2250.0,-4.0,CO,H2,CH4,H2O,1319.2617332744285,2.4622184345973053,1.937133382029274,237.9426432899465,994.0195633300473,82.55365595976839,0.3068218382883474,0.03160661891392691,2.1151002837905343e-08,1.4664852662146255e-09,0.008090397959443146
2250.0,-3.1818181818181817,CO,H2,CH4,CO2,1344.8171359025903,4.1151698288350875,5.8073657002800765,155.0395706422551,1161.7794030753203,15.970359530279575,2.048788197569983,0.04295748537090316,1.3915091548670413e-07,2.474782716856014e-08,0.013521277066683348
2250.0,-2.3636363636363633,CO,H2,CO2,H2O,1347.9437912942583,4.9936897738135855,15.9925370195821,73.34752165209679,1247.3000883485656,1.4960869632522484,4.7761162002031226,0.021342342824667324,9.15498443110478e-07,4.176424777372024e-07,0.016407649503243305
2250.0,-1.5454545454545454,CO,CO2,H2,N2,1354.3546253383715,5.346042000263711,41.774803236279034,30.61296129536956,1270.2145767481684,0.10346938446225129,6.278596160432775,0.006598052581483433,6.02333425134428e-06,7.048166562451836e-06,0.017565315125422306
2250.0,-0.7272727272727271,CO,CO2,H2,N2,1374.6976124235496,5.487442789357424,105.02284111475878,12.250450853858366,1244.9603871438535,0.006331299483015468,6.950212912209074,0.0017573313088542644,3.9629535917265964e-05,0.00011894576620395466,0.018029915308975793
2250.0,0.09090909090909083,CO,CO2,N2,H2O,1419.2667686016941,5.5447646752097315,249.29226754764485,4.825855090150963,1152.0986535497864,0.00035447082248523553,7.48393301058872,0.0004508715628461919,0.00026073183749538386,0.0020073280149078736,0.01821811464103746
2250.0,0.9090909090909092,CO,CO2,N2,H2O,1492.4163994773069,5.569008307061962,527.0663806636369,1.88963582695785,949.631839514402,1.7464769464680592e-05,8.20550084075678,0.00011567678302742522,0.001714881420389739,0.033870388557402854,0.01829478386540425
2250.0,1.7272727272727275,CO2,CO,N2,H2O,1576.119025113024,5.580028888332263,916.4100498535449,0.7381519765016997,643.7079698162377,7.04272794315158e-07,9.08294509059377,2.9713821383612813e-05,0.01122740754080803,0.5701966916257836,0.018285955212516542
2250.0,2.545454545454546,CO2,CO,N2,SO2,1653.0142777580834,5.5852030522791525,1277.9639147781813,0.28804304758465765,349.9667020450311,2.2730608516808267e-08,9.84823891672172,7.542092723964937e-06,0.06862667322526468,9.274985532525564,0.01764151959997921
2250.0,3.363636363636364,CO2,CO,SO2,N2,1815.4037615571626,5.58813466671758,1534.9692482681394,0.11235551247077392,163.87658454544047,6.313705313230834e-10,10.533275962338863,1.9002020934869238e-06,0.18474080496359668,100.12211189059968,0.011290363431467488
2250.0,4.181818181818182,CO2,SO2,CO,N2,2025.118886271576,5.589849780709978,1688.5161286221055,0.04381640572604485,70.27996378478397,1.6054350950706456e-11,11.055977556830333,4.7411116395332683e-07,0.026515990085274953,249.5653734869184,0.001668102735126861
2250.0,5.0,CO2,SO2,CO,N2,2064.3405776458694,5.59028200874093,1742.8194852220347,0.017083601025200994,28.280547529021657,3.8286306305551524e-13,11.182116268814921,1.1608005781724534e-07,0.0007502233135424468,276.1897139127174,0.00010939735437918477
2357.142857142857,-4.0,CO,H2,CH4,H2O,1335.1120331803147,2.7327614187450933,1.9590720700061215,252.81305535473663,1023.0673661781857,54.17271723276523,0.3283354023757216,0.03163487249421467,2.6919406260977983e-08,2.5491682223116494e-09,0.007090620571231833
2357.142857142857,-3.1818181818181817,CO,H2,CH4,CO2,1347.7562560481992,4.2400476212910005,5.7652690588569975,152.92468861879337,1173.768606619694,8.865927668413141,2.142695586300696,0.038019345035029066,1.7710427642341e-07,4.3019177206945624e-08,0.011001303333979516
2357.142857142857,-2.3636363636363633,CO,H2,CO2,H2O,1347.8774177913056,5.025335075202984,15.758083162740807,70.66119634124271,1250.7640459244888,0.7863808626936932,4.851367281670347,0.017968488361605365,1.165209589078904e-06,7.25991304382637e-07,0.01303872187607252
2357.142857142857,-1.5454545454545454,CO,CO2,H2,N2,1353.9848805981042,5.356113876991114,41.09923759530909,29.361271194153343,1271.7883930416504,0.05382316496609981,6.306637168207888,0.005487432495206285,7.666269290077542e-06,1.2251894468487685e-05,0.013896930969654714
2357.142857142857,-0.7272727272727271,CO,CO2,H2,N2,1374.0385328576056,5.491146613234872,103.32520204369384,11.735380698546662,1246.511947698918,0.0032855234263620982,6.955607787479189,0.0014562009257572256,5.043887374549688e-05,0.0002067643786295376,0.014247277512295145
2357.142857142857,0.09090909090909083,CO,CO2,N2,H2O,1418.0498803110377,5.546097570749826,245.541241071798,4.620944366623223,1154.8450571995118,0.0001839958584652086,7.477760351571885,0.0003730696050084418,0.000331842811091022,0.0034893220536253073,0.014389607809948359
2357.142857142857,0.9090909090909092,CO,CO2,N2,H2O,1490.5487917213734,5.569447269390584,520.502003713503,1.8091076978215528,954.4007454372984,9.086393734614332e-06,8.191806934960926,9.565209193990581e-05,0.0021820581029393365,0.058869428803940735,0.014446065760234874
2357.142857142857,1.7272727272727275,CO2,CO,N2,H2O,1574.28747040404,5.580170213238399,908.481285189532,0.7066573208525515,649.4316353286874,3.6778346079985224e-07,9.069256929215799,2.4570111802499408e-05,0.014235051867125344,0.9892772269749648,0.014412535833775192
2357.142857142857,2.545454545454546,CO2,CO,SO2,N2,1659.4880705736782,5.585320473262036,1273.1657158381977,0.275751957408946,354.8227694341578,1.1928856380255388e-08,9.858649549089126,6.244455951272083e-06,0.08261673993848613,15.68029864251242,0.013548918842938752
2357.142857142857,3.363636363636364,CO2,CO,SO2,N2,1860.6103325705533,5.588409319047694,1540.519755322028,0.10756421349460059,167.3797477010271,3.3380876233113307e-10,10.618742563293168,1.5788695214695723e-06,0.1440439936603341,136.22276717263819,0.006978585335956022
2357.142857142857,4.181818181818182,CO2,SO2,CO,N2,2034.650086755668,5.589910150417584,1686.2882838040387,0.04194628623051081,71.42932570401743,8.445626766613995e-12,11.075591246569294,3.926736143281318e-07,0.012128211476075198,260.06524664403173,0.0007896668505812481
2357.142857142857,5.0,CO2,SO2,CO,N2,2061.7493031961994,5.590286897199938,1738.38011396115,0.016354296847462143,28.707710896595344,2.0115911216689306e-13,11.182678668661627,9.605693468581565e-08,0.0003176374568535095,276.90551959357384,4.982527932732119e-05
2464.285714285714,-4.0,CO,H2,CH4,H2O,1345.5843253127496,2.9374625422352243,1.9676569333381733,261.1378588322134,1044.1409783580166,35.01324729982827,0.35034265955351973,0.030635193482784314,3.35500292367896e-08,4.223177644343144e-09,0.006143453110045858
2464.285714285714,-3.1818181818181817,CO,H2,CO2,CH4,1349.0853949466884,4.322973853853248,5.712792959459985,149.82669558647103,1181.8635424820648,5.0861410807955,2.230613394633937,0.03359427808433503,2.2073025038093756e-07,7.126981717004057e-08,0.009040998283674873
2464.285714285714,-2.3636363636363633,CO,H2,CO2,H2O,1347.696509078744,5.0495292460268315,15.541582366696531,68.22861811284122,1253.4966466109524,0.43612208725162277,4.9181182439097375,0.015329172237796153,1.4522413715870498e-06,1.202751583422921e-06,0.010560445393048956
2464.285714285714,-1.5454545454545454,CO,CO2,H2,N2,1353.647591803975,5.3646779587146245,40.48972623441907,28.259757492387838,1273.1567393946905,0.029626447640227753,6.331177770068276,0.004636222369441799,9.55474725348564e-06,2.029775260012376e-05,0.011219520331573082
2464.285714285714,-0.7272727272727271,CO,CO2,H2,N2,1373.4471902415942,5.494373981311184,101.79648585401948,11.283714316390391,1247.897485763907,0.0018048994415909513,6.960196805622535,0.0012264737034603343,6.286365251803175e-05,0.0003425468488517174,0.01149074389000303
2464.285714285714,0.09090909090909083,CO,CO2,N2,H2O,1416.9557680944283,5.547260851768354,242.15751865676154,4.441416938260308,1157.3192384908427,0.00010110561826840039,7.472083545108575,0.00031381415876607086,0.0004135758426503146,0.005780688548242094,0.011600998848444174
2464.285714285714,0.9090909090909092,CO,CO2,N2,H2O,1488.892084594708,5.569827123473754,514.5576300496083,1.7385763305662552,958.7344391241802,5.003500783949396e-06,8.179396332958195,8.0411956371708e-05,0.0027184872139665046,0.09750961798307466,0.011642698943022809
2464.285714285714,1.7272727272727275,CO2,CO,N2,H2O,1573.068297124213,5.5802931966535,901.3495044210022,0.6790756467157917,654.7366031013286,2.0323576761578767e-07,9.057761235940289,2.0656513733898087e-05,0.017637297367312454,1.6341113423684581,0.011583250060876129
2464.285714285714,2.545454545454546,CO2,CO,SO2,N2,1670.397632599471,5.585456202331143,1269.9772000013058,0.2649896304582764,359.6486310777217,6.6273891281286816e-09,9.878989244455555,5.258585427783746e-06,0.09479931071488842,24.925853250165932,0.01047919029314784
2464.285714285714,3.363636363636364,CO2,CO,SO2,N2,1901.3678008547022,5.588640499731861,1544.9979266981436,0.10336785241272568,170.57661010621734,1.8646866323667965e-10,10.693234954893743,1.3329140715014273e-06,0.10094641767887477,169.22897266221216,0.004218200382441219
2464.285714285714,4.181818181818182,CO2,SO2,CO,N2,2038.965894052147,5.589944556956566,1683.2395315075348,0.04030843261732218,72.45136823319386,4.6952951308678016e-12,11.085935685134814,3.304832112599769e-07,0.0057644570099810435,266.06655269798995,0.0003930713324430878
2464.285714285714,5.0,CO2,SO2,CO,N2,2060.2124843171646,5.5902837504772735,1733.9155466884013,0.01571561401805068,29.096295639804893,1.1174651339229713e-13,11.18009859148939,8.079587813205351e-08,0.00014456108410495203,277.21619408799626,2.4269079794183208e-05
2571.4285714285716,-4.0,CH4,CO,CO2,N2,1039.4807409079956,0.0,0.8742019305560305,0.0,470.75809980111376,567.3642151450197,0.44441847544089197,0.0,4.103144068467429e-08,6.706452106726025e-09,0.03980549854690241
2571.4285714285716,-3.1818181818181817,CO,H2,CO2,H2O,1349.6121575958953,4.382188762908576,5.657629958691942,146.43304218975405,1187.7626638900335,3.026811219535505,2.312506133236829,0.02979378571210625,2.7009938059025374e-07,1.1320824471482122e-07,0.007521209681445982
2571.4285714285716,-2.3636363636363633,CO,H2,CO2,H2O,1347.478842310281,5.069264094973008,15.342893827353617,66.03923176722138,1255.7740418185783,0.25374769903244626,4.977719936342492,0.013238654962980106,1.777058527498865e-06,1.9105083783371944e-06,0.008700409531047662
2571.4285714285716,-1.5454545454545454,CO,CO2,H2,N2,1353.3416950794228,5.372122682201259,39.93745679525792,27.28425551569484,1274.364657063789,0.017136164068865443,6.35282829307834,0.003971708224823299,1.1691825927355784e-05,3.224193286770859e-05,0.009220194776948593
2571.4285714285716,-0.7272727272727271,CO,CO2,H2,N2,1372.9138571809765,5.49721484419005,100.41293038909491,10.884738190804056,1249.1426733066342,0.0010422041258555872,6.964136571126797,0.0010478189210525919,7.692394688317476e-05,0.0005441172529868795,0.00943486269644452
2571.4285714285716,0.09090909090909083,CO,CO2,N2,H2O,1415.9678854640447,5.548284833099878,239.09016977836717,4.282951103074217,1159.559971435025,5.839737240414559e-05,7.466853758890743,0.00026779909977435836,0.0005060585547356892,0.009182140224375576,0.009522046958369263
2571.4285714285716,0.9090909090909092,CO,CO2,N2,H2O,1487.4300624864577,5.570159267559106,509.1524687270041,1.6763360004042287,962.6943860989455,2.895566430064513e-06,8.168143390306563,6.858496162427474e-05,0.003324563574150905,0.15484339136571915,0.00955245961259889
2571.4285714285716,1.7272727272727275,CO2,CO,N2,H2O,1572.5597349087257,5.580403962278089,894.9514731034908,0.6547389657722946,659.7040701331173,1.1800966581441884e-07,9.048630583218392,1.7620544588585925e-05,0.021395104678467485,2.58442765461538,0.009464816819330188
2571.4285714285716,2.545454545454546,CO2,CO,SO2,N2,1686.1594747762147,5.585614648721112,1268.3890189220256,0.25549512090979387,364.5115052138515,3.8709502920058175e-09,9.909887347274676,4.495043417195708e-06,0.10330064374154199,37.36289366125575,0.008115605768902122
2571.4285714285716,3.363636363636364,CO2,SO2,CO,N2,1934.1013947606082,5.588818375170473,1547.7254519967985,0.09966455400612773,173.40506658827698,1.0924296039189365e-10,10.751315372134401,1.1406896677502692e-06,0.06583239045207094,196.24139419205179,0.002527245066604845
2571.4285714285716,4.181818181818182,CO2,SO2,CO,N2,2040.8709828548017,5.589962809289139,1679.7810435713334,0.03886321639959247,73.37187625538193,2.7401000476540197e-12,11.090400103786429,2.82102759266187e-07,0.0028690619268587733,269.5396048941946,0.00020572900196332383
2571.4285714285716,5.0,CO2,SO2,CO,N2,2061.8533943304897,5.590263419953368,1728.877427569193,0.015152042720350796,29.44084318782939,6.515699111946242e-14,11.170470974317062,6.892362915163692e-08,7.008911064485154e-05,277.17861418702165,1.2536701286453459e-05
2678.5714285714284,-4.0,CO,H2,CH4,H2O,1355.9748146247127,3.2005405068995265,1.960962477986812,265.2603511436361,1070.3393718624254,14.787087093442462,0.394644567274882,0.027277021574125235,4.943067041250331e-08,1.026840328600728e-08,0.004579865486359957
2678.5714285714284,-3.1818181818181817,CO,H2,CO2,H2O,1349.742125401463,4.427478811972418,5.603342605107982,143.05880550669443,1192.3629847916684,1.8679412588304434,2.3886575066877174,0.02657872882491038,3.2521540444006136e-07,1.732894164098253e-07,0.0063355202144072245
2678.5714285714284,-2.3636363636363633,CO,H2,CO2,H2O,1347.256273697382,5.086027241686397,15.160702671462229,64.06869468503494,1257.7366886087136,0.15406930115512305,5.031246229742568,0.011560908730174752,2.1396859705448973e-06,2.9244440881186674e-06,0.0072778487812310295
2678.5714285714284,-1.5454545454545454,CO,CO2,H2,N2,1353.0642740010844,5.378686174260704,39.434940644631865,26.415114066524332,1275.441904198793,0.010354029176174805,6.372063025645367,0.0034443251240699386,1.4077668849891178e-05,4.935322008046616e-05,0.007696619115734299
2678.5714285714284,-0.7272727272727271,CO,CO2,H2,N2,1372.4305528646353,5.499735706074063,99.1549762734918,10.529971490873512,1250.2679426754812,0.0006287967663322544,6.9675468619110354,0.0009064964649220454,9.262076801108473e-05,0.000832887085919716,0.00786979675473546
2678.5714285714284,0.09090909090909083,CO,CO2,N2,H2O,1415.072978263163,5.549192914916116,236.2972303443912,4.142135385977897,1161.5991968556634,3.524250633601748e-05,7.462027875956605,0.00023144629913903094,0.0006092909411801482,0.014054846866875768,0.007939968554548019
2678.5714285714284,0.9090909090909092,CO,CO2,N2,H2O,1486.1532289048234,5.5704524286856,504.21988485910595,1.6210411042808919,966.3328237561321,1.7505953922088337e-06,8.157950713953277,5.924708015656438e-05,0.003999621222467277,0.2369217914431151,0.007961329367833345
2678.5714285714284,1.7272727272727275,CO2,CO,N2,H2O,1572.8860980141874,5.580507483859439,889.2419734805172,0.6331204525256987,664.4094600870712,7.157948672853633e-08,9.042103152054032,1.5224730585470485e-05,0.0254439416321107,3.931602379677156,0.007842610938825613
2678.5714285714284,2.545454545454546,CO2,CO,SO2,N2,1706.6072354015953,5.585794596522178,1268.2419900596524,0.24706242561529695,369.42567253946726,2.362814629556224e-09,9.950535009413484,3.893306904922707e-06,0.10661781484091645,52.95099200596684,0.0062647496670596645
2678.5714285714284,3.363636363636364,CO2,SO2,CO,N2,1958.4629600658936,5.5889471283043335,1548.7237267313042,0.09637421008527623,175.87657001553714,6.673104375655463e-11,10.793112201575596,9.878703841468467e-07,0.0412641269166812,216.73415683396627,0.0015202999942736958
2678.5714285714284,4.181818181818182,CO2,SO2,CO,N2,2042.4317626755455,5.5899672871425,1675.973703341262,0.037579343388523055,74.20109707869791,1.668845223487652e-12,11.089671273027285,2.438195302803013e-07,0.0014963397399567163,271.5425884499516,0.00011288764802145959
2678.5714285714284,5.0,CO2,SO2,CO,N2,2071.3692276316683,5.590202874444544,1721.9919504789766,0.014651314176100314,29.72236302293446,3.9614387568078516e-14,11.144162561124956,5.950095876565612e-08,3.5871620624641715e-05,276.61782715909857,6.814503396570663e-06
2785.714285714286,-4.0,CH4,CO,CO2,N2,1039.5369735717734,0.0,0.8518395835324737,0.0,470.78754776428036,567.3629002018663,0.48899843995674724,0.0,5.8634766794514615e-08,1.520658534322432e-08,0.04568744155325821
2785.714285714286,-3.1818181818181817,CO,H2,CO2,H2O,1349.6769107334671,4.464085532492098,5.551452942088112,139.83729326629606,1196.1424514346147,1.1928856422821226,2.4594735061704323,0.02386648316391974,3.8602374680455514e-07,2.567100856545048e-07,0.005400844501870338
2785.714285714286,-2.3636363636363633,CO,H2,CO2,H2O,1347.041716827749,5.100633426246901,14.993407896403898,62.290770869144296,1259.4637965605993,0.09716549766743135,5.079564648758748,0.010197216611151473,2.5397647947832562e-06,4.332259755681431e-06,0.0061709511496744395
2785.714285714286,-1.5454545454545454,CO,CO2,H2,N2,1352.8121118569074,5.384530286072827,38.97586447254368,25.63636863008769,1276.4099453323643,0.006502663282363791,6.389257675639155,0.0030195540222075785,1.6709913914285208e-05,7.311166314710999e-05,0.006514412687255888
2785.714285714286,-0.7272727272727271,CO,CO2,H2,N2,1371.990719600554,5.5019877996505935,98.00639561572947,10.212625291856426,1251.289877403393,0.000394393627119337,6.970520794994122,0.000792997011449225,0.00010993848255402803,0.0012338326100529266,0.006656469100669624
2785.714285714286,0.09090909090909083,CO,CO2,N2,H2O,1414.260449317227,5.55000351855392,233.7438310076457,4.01624431645667,1163.4634980441087,2.2110535628438497e-05,7.45756823234296,0.00020228405191379938,0.0007231606172183828,0.020819992889538674,0.006713811767568065
2785.714285714286,0.9090909090909092,CO,CO2,N2,H2O,1485.05807890465,5.570713437260133,499.7045825872591,1.5716172065131286,969.6947132278843,1.1001297818452728e-06,8.148744790368792,5.176048787540566e-05,0.004741968540245304,0.35077153709415726,0.006727562834985703
2785.714285714286,1.7272727272727275,CO2,CO,N2,SO2,1574.1916212049955,5.580607921652349,884.1892130326148,0.6137995399338751,668.9227997738041,4.512877561523497e-08,9.038458991779542,1.3305153042710456e-05,0.029691139907320738,5.774844116141522,0.006574635007694004
2785.714285714286,2.545454545454546,CO2,CO,SO2,N2,1730.903312936759,5.585989374948834,1269.2158734160828,0.2395268722790399,374.34787520472594,1.4993995815544465e-09,9.998561602856107,3.4114025459579162e-06,0.10418442935928532,71.17214529746977,0.0048060391672854075
2785.714285714286,3.363636363636364,CO2,SO2,CO,N2,1975.9927052829946,5.589035995649346,1548.3058333088818,0.09343296604403004,178.03513507234462,4.230080251465351e-11,10.821160624817065,8.64609426304736e-07,0.02548124255934526,231.57984941289308,0.000927133108740475
2785.714285714286,4.181818181818182,CO2,SO2,CO,N2,2045.9124508276352,5.589953369792304,1671.535307240277,0.036431789601871455,74.93308514767381,1.0553252558477814e-12,11.081705334684264,2.130379122028692e-07,0.0008156008493341364,272.5907528330173,6.467716771973264e-05
2785.714285714286,5.0,CO2,SO2,CO,N2,2099.0033958081913,5.590052612180083,1710.635137036103,0.014203563144639613,29.89678846068232,2.4950540019813442e-14,11.080892556104939,5.185804879294682e-08,1.9182009192947046e-05,275.0433505835918,3.867016341388813e-06
2892.857142857143,-4.0,CO,H2,CH4,H2O,1359.4088840092932,3.352631013431607,1.9410421897747012,261.7563150173458,1085.21541009354,6.678498264888183,0.4377480066093542,0.02376685245576396,6.876458380360054e-08,2.1887734117207385e-08,0.003472322441878779
2892.857142857143,-3.1818181818181817,CO,H2,CO2,H2O,1349.5177672661805,4.494902935955629,5.502517384217693,136.81723797298488,1199.3653317508943,0.7861596484235027,2.5253884248926894,0.021571937351494055,4.524201442882658e-07,3.6937813159791684e-07,0.004655349117431322
2892.857142857143,-2.3636363636363633,CO,H2,CO2,N2,1346.8400036245666,5.113573349947088,14.83944045698362,60.68118897651252,1261.0046391881906,0.06338865818852359,5.1233852866133125,0.009075560585299826,2.9766091053815243e-06,6.2336574644011285e-06,0.00529609119080227
2892.857142857143,-1.5454545454545454,CO,CO2,H2,N2,1352.5822027899442,5.38977329522336,38.55490350409975,24.934988998516285,1277.285171181969,0.004226705938319382,6.404714267884577,0.0026728678090350657,1.9584047193530138e-05,0.00010519983850482415,0.005582141925666662
2892.857142857143,-0.7272727272727271,CO,CO2,H2,N2,1371.5889567881914,5.504011653379257,96.95362084950413,9.927207926528741,1252.2221269863778,0.00025605927002013954,6.973131772514623,0.0007005972737879502,0.0001288472654031207,0.0017753470819173046,0.0057003981561573784
2892.857142857143,0.09090909090909083,CO,CO2,N2,H2O,1413.5219288736087,5.55073137276066,231.40077288859342,3.9030766004829753,1165.1752115974887,1.4358840449878058e-05,7.45344217774551,0.0001785676917567664,0.0008474582382353241,0.02995619430614041,0.0057478668271798115
2892.857142857143,0.9090909090909092,CO,CO2,N2,H2O,1484.1467572836953,5.570947741833561,495.560423479044,1.5271969216673673,972.8192098121535,7.155587429626829e-07,8.140472187795813,4.5675276790888494e-05,0.005548921176792397,0.5043285822163094,0.005754926582525618
2892.857142857143,1.7272727272727275,CO2,CO,N2,SO2,1576.6325594975838,5.580708763923833,879.770025717718,0.5964367639716286,673.3079998987413,2.944928470083676e-08,9.037986874101,1.1746170227348436e-05,0.03401543307117256,8.215407774059376,0.005564714368068826
2892.857142857143,2.545454545454546,CO2,CO,SO2,N2,1757.6886345107894,5.586188684020162,1270.878196303527,0.2327553852101214,379.19066136722734,9.846873652925973e-10,10.050453380491867,3.0196476023367248e-06,0.09661426266662992,91.09479491166933,0.00365982929907896
2892.857142857143,3.363636363636364,CO2,SO2,CO,N2,1988.9424166836272,5.589092993125423,1546.7698795310066,0.09078927828081289,179.9237530669964,2.7714559256459758e-11,10.8379282297184,7.639040462397795e-07,0.015759427420923275,242.0610851719794,0.0005765609846137974
2892.857142857143,4.181818181818182,CO2,SO2,CO,N2,2054.8343817666464,5.589907106011493,1665.7221665937232,0.03540029733753426,75.53956006601774,6.896801223402749e-13,11.060725637007414,1.878953377178338e-07,0.0004625609883365047,272.8481905501198,3.851517546168189e-05
2892.857142857143,5.0,CO2,SO2,CO,N2,2166.1782529294487,5.58971865363014,1690.0790368543621,0.013800707748586057,29.880509049570378,1.616438699192462e-14,10.943873361950285,4.5493714471984677e-08,1.0581804452022453e-05,271.51777175351395,2.2710238476427275e-06
3000.0,-4.0,CO,H2,CH4,H2O,1360.0165011933743,3.407183953345056,1.9297747109915702,259.0166636339207,1090.544229573873,4.634882059534476,0.4585152623333822,0.022196944865462483,7.96834116916744e-08,3.068602445828529e-08,0.00305459177843786
3000.0,-3.1818181818181817,CO,H2,CO2,H2O,1349.316358555023,4.521604942452327,5.456645046047234,134.0089576205769,1202.1854518670382,0.533197630228603,2.58682397076665,0.019620448455167642,5.242589928169021e-07,5.178588818314466e-07,0.004053669028745546
3000.0,-2.3636363636363633,CO,H2,CO2,N2,1346.6524501574813,5.125168893022426,14.697368317483635,59.21864782385812,1262.3925790008866,0.042625509328599966,5.16329556790072,0.008142841304126866,3.4492609568163902e-06,8.739434450061942e-06,0.004594762059050081
3000.0,-1.5454545454545454,CO,CO2,H2,N2,1352.37189602026,5.3945059602476855,38.16755018960923,24.300268557328078,1278.0805665026774,0.002833006976725529,6.418678535025317,0.0023865150109254065,2.2693764506694476e-05,0.00014748756079284995,0.004836217882270633
3000.0,-0.7272727272727271,CO,CO2,H2,N2,1371.2208206660066,5.505839926582567,95.98522629039863,9.669233938926835,1253.076051727022,0.000171450170970611,6.9754383725055416,0.0006244513406482721,0.00014930547154783764,0.0024889822594299474,0.004935957854243619
3000.0,0.09090909090909083,CO,CO2,N2,H2O,1412.851020960648,5.5513884071712924,229.24343195865728,3.8008365345140267,1166.7532771341948,9.61662899002762e-06,7.449621589489762,0.00015904156553504648,0.0009818923638343384,0.041995010950790376,0.0049756823451484475
3000.0,0.9090909090909092,CO,CO2,N2,H2O,1483.4271538641658,5.5711597610353945,491.74871238139355,1.4870729758702625,975.7407663346729,4.799472988233227e-07,8.133096140844783,4.066784155152341e-05,0.006416832453567094,0.7063304443328273,0.004976616150505298
3000.0,1.7272727272727275,CO2,CO,SO2,N2,1580.3685331093595,5.580812838836997,875.9647828730555,0.580755347857395,677.621154787877,1.981878475456581e-08,9.040942181438615,1.0464570787151016e-05,0.03826990560568968,11.349012894527508,0.004746390067574772
3000.0,2.545454545454546,CO2,CO,SO2,N2,1785.4336934317616,5.586381316661869,1272.7695103931374,0.22663940800680918,383.8478952997053,6.665653569317335e-10,10.102319773044838,2.6967360695683433e-06,0.08545064782143443,111.57551289495329,0.0027677994597895775
3000.0,3.363636363636364,CO2,SO2,CO,N2,1999.8134891227164,5.589121847061399,1544.2404390621234,0.08840106947384482,181.56553454924244,1.870123391613485e-11,10.844481006897267,6.806367783578149e-07,0.00985782948113339,249.33524968273957,0.00036668207748050965
3000.0,4.181818181818182,CO2,SO2,CO,N2,2075.4464770108953,5.589800238910423,1657.0966750632326,0.034468256828080454,75.9583335657963,4.637084087292137e-13,11.015315784082217,1.6701374099339997e-07,0.0002714016285425133,272.19558277662577,2.3722860676684847e-05
3000.0,5.0,CH4,CO2,H2S,SO2,1912.3287979089798,0.0,612.1860279269213,0.0,10.940069642239926,745.2812196661962,7.532714674250454,0.0,2.728067773244749e-07,56.778543058272966,127.2474651715433
